id,phase,priority,work_package,owner,depends_on,evidence,acceptance_gate,source_or_report
R01,0,P1,Freeze candidate and reconcile verification labels,integrator + independent reviewer,,Published backlog includes awaiting-review in SHIPPED,Each capability records implementation ref; review result; artifact/release status separately; no automatic upgrades,CURRENT-EVIDENCE-LEDGER; RESEARCH-BACKLOG line17; published-baseline.json
R02,1,P1,Preserve earlier resident edits on every failed commit,backend specialist,R01,Source-traced watermark then failed Save rollback,Failure leaves disk and complete pre-operation resident state intact; later retry persists prior work,WHOLE-ARCHITECTURE-REVIEW
R03,1,P1,Complete mutation and checked history coverage,backend specialist + testing specialist,R02,Rotate and inline-text commands still unchecked,Fail redo/undo/reload at shared seams; history index dirty state and retryability remain truthful,WHOLE-ARCHITECTURE-REVIEW
R04,1,P1,Safe encrypted-package replacement and helper lifecycle,backend specialist,R01,Source pre-delete before external tool succeeds,Existing package survives launch/tool/write failure; cancel stops owned process; only validated candidate replaces destination,WHOLE-ARCHITECTURE-REVIEW
R05,1,P1,Form JavaScript whole-operation deadline,security auditor + backend specialist,R01,Two actual b38a4fd post-eval deadline bypasses reproduced,All JS entry and result handling bounded; end-hook/getter cases return safely; control semantics preserved; no external kill needed,PERFORMANCE-AND-SCRIPT-REVIEW JS-01; formjs-deadline-results.json
R06,1,P1,One alignment mapping for document comparison,backend specialist,R01,Real PDF insertion produces false Beta/Gamma content changes,Inserted page appears once; unchanged matched pages have no false text/pixel changes; all exports/navigation agree,PERFORMANCE-AND-SCRIPT-REVIEW PERF-01; compare-results.json
R07,1,P1,Truthful content replacement and match model,backend specialist + UI specialist,R03,Source overlay and fixed rectangle; unchecked Replace All,Old text actually removed when replacing; surrounding text preserved; regex/options/ranges align; failed writes excluded from count; read-only enforced,WHOLE-PRODUCT-AND-PLAN-REVIEW
R08,1,P1,Print range job ownership and error outcomes,UI specialist + backend specialist,R01,Source print path ignores selection and reads live view-owned PDF,Selected ranges/order honored; snapshot owned by job; cancel/switch/close safe; painter/spool failures visible,WHOLE-PRODUCT-AND-PLAN-REVIEW; NATIVE-LINUX-READINESS
R09,1,P1,Repair/recovery load identity and save conflicts,backend specialist,R02,Repair success misses load identity; external file guard absent in inspected path,Every new load increments identity; stale callbacks rejected; concurrent external change never silently overwritten,WHOLE-ARCHITECTURE-REVIEW
R10,1,P1,Temporary data ownership and liveness,backend specialist + security auditor,R01,Age/name cleanup lacks active-session ownership checks,Second instance cannot delete first active session; only owned proven orphan data cleaned; fail closed when private root creation fails,WHOLE-ARCHITECTURE-REVIEW
R11,2,P2,Bound comparison resource use,performance optimizer,R06,"Empty overlays25.245 MB for 3 pages; Myers 134 MiB for 2,000 divergent tokens per side",Streaming hash; bounded overlay retention and algorithm work; cancellation; correct typical small edits,PERFORMANCE-AND-SCRIPT-REVIEW PERF-02/PERF-03
R12,2,P2,Guard and profile actual render paths,performance optimizer,R01,Separate active viewer cache and unchecked render dimensions,Finite sizes/scales checked before allocation; operation budget; current view path profiled; stale output suppressed,PERFORMANCE-AND-SCRIPT-REVIEW PERF-04
R13,1,P2,Fix PDFium terminator count handling,backend specialist,R01,Actual tokens include appended NUL,Exact strings for empty/single/multiline/Unicode; only API terminator removed,PERFORMANCE-AND-SCRIPT-REVIEW PERF-05
R14,2,P1,Independent review of recently implemented packages,independent verification agent,R01;R02;R03,Published G01-G20 and signing repairs await independent gate,Negative control fails before repair; current real artifacts pass; preserve meaningful optional-build skips; ledger records exact tested ref,CURRENT-EVIDENCE-LEDGER; published-delta.log
R15,2,P2,Canonical command binding and honest feature discovery,UI specialist,R03;R07;R08,52 hidden planned ribbon entries; standalone control state mismatches,Menu/ribbon/shortcut share command state; planned entries visibly explained; no enabled no-op buttons,WHOLE-PRODUCT-AND-PLAN-REVIEW; UI-BUTTON-REVIEW
R16,2,P2,Task-oriented welcome and result feedback,UX specialist + UI specialist,R15,Six narrow cards; Convert/Protect only Open,Twelve useful task routes preserve intent; responsive layout; recent files; output actions; counts reflect commits,WHOLE-PROJECT-READINESS-REVIEW UI section
R17,2,P2,Keyboard accessibility localization and scale pass,UI specialist + testing specialist,R15;R16,Source review only; current native build UI not yet inspected,Keyboard/screenreader complete workflows; Arabic RTL/CJK; 100–200% mixed DPI; no inaccessible disabled reasons,WHOLE-PROJECT-READINESS-REVIEW UI section
R18,2,P1,Finish form compatibility and stale-result disclosure,backend specialist + testing specialist,R05;R03,Local Calculate/Format only; display preview and remaining phases differ,Real forms + dependent failures; correct tab versus calculation order; pin shim/library; persistent stale-field warnings; runtime closure; no-engine build,PERFORMANCE-AND-SCRIPT-REVIEW Form JavaScript release conditions
R19,2,P2,Signing settings and effective capability honesty,security specialist + UI specialist,R14,No production TSA/level setters in published snapshot,Timestamp/level actions either configured and independently validated or explain unavailable state; preserve retries and old output,WHOLE-PRODUCT-AND-PLAN-REVIEW
R20,3,P1,Native Linux toolchain and dependency closure,devops engineer,R01,Windows defaults flags and binary artifact discovery,Clean native configure/build without Windows binary trees; platform/architecture manifests; package closure; no forbidden linked dependencies,NATIVE-LINUX-READINESS L01-L06
R21,3,P1,Native Linux file and credential safety,backend specialist + security auditor,R20;R09;R10,Nonatomic autosave and public-identifier key derivation,Atomic replacement failures preserve recovery; Secret Service lock/unavailable fallback session only; correct private paths,NATIVE-LINUX-READINESS L07-L08
R22,3,P1,Installed resources and clean-machine release gate,devops engineer,R14;R20,Djot path points at source tree; portable registry promise differs,"Installed app works with source/toolchain hidden; models/fonts/Qtplugins/runtime hashes present; install, upgrade and uninstall tested",NATIVE-LINUX-READINESS L09-L10; WHOLE-PROJECT-READINESS
R23,3,P2,Native desktop and package channel,devops engineer + UI specialist,R21;R22;R08,Full Linux product runtime unverified,"Desktop MIME, XDG, portals, printing, Wayland/X11, IME, clipboard and keyring passed on declared matrix; authenticated package updates",NATIVE-LINUX-READINESS staged plan
R24,3,P2,Managed policy and privacy-safe diagnostics,solution architect + security auditor,R15;R22,Runtime enterprise policy layer unproven,Machine policy overrides user preferences and is visible; local support bundle omits PDF text or secrets; network behavior explicit,WHOLE-PROJECT-READINESS corporate readiness table
R25,3,P1,Release evidence dependency security and soak,devops engineer + independent reviewer,R11;R12;R14;R17;R18;R19;R22,Prior full-suite results belong to older commits,Exact Release candidate full suite + optional configurations; SBOM/runtime hashes; clean-machine verification; resource/cancel benchmarks; completed soak,WHOLE-PROJECT-READINESS Gate3
R26,4,P2,Deliver high-value workflow expansions,product planner + bounded implementers,R25,"Batch presets, signing requests and accessibility authoring mostly planned",Choose pilot workflows; extend existing seams; defined unsupported scope; real saved artifacts; independent per-package review,WHOLE-PRODUCT-AND-PLAN-REVIEW feature matrix
R27,4,P2,Observed customer pilot and positioning,UX specialist + product owner,R25,Competitive claims mostly research not comparative validation,"Measure completion time, discovery and recovery in approved forms legal scanning workflows; limit claims to proven released features",WHOLE-PROJECT-READINESS Gate4
